{
  "det_threshold": 0.05,
  "min_color_ratio": 0.01,
  "canny_low": 40,
  "canny_high": 120,
  "tp": 8,
  "fp": 134,
  "fn": 1,
  "precision": 0.056338028169014086,
  "recall": 0.8888888888888888,
  "f1": 0.10596026490066225
}
