{
  "det_threshold": 0.65,
  "min_color_ratio": 0.01,
  "canny_low": 40,
  "canny_high": 120,
  "tp": 1,
  "fp": 4,
  "fn": 8,
  "precision": 0.2,
  "recall": 0.1111111111111111,
  "f1": 0.14285714285714285
}
